,City,Cloudiness,Country,Date,Humidity,Lat,Lng,Max Temp,Wind Speed
0,Puerto Ayora,20,EC,1573177833,73,-0.74,-90.35,73.4,13.87
1,Busselton,0,AU,1573177872,52,-33.64,115.35,70.32,8.95
2,Hobart,40,AU,1573177869,70,-42.88,147.33,48.2,8.05
3,General Roca,51,AR,1573177872,42,-39.03,-67.58,62.6,9.64
4,Doka,0,SD,1573177872,59,13.52,35.76,76.21,5.46
5,Tuktoyaktuk,90,CA,1573177843,72,69.44,-133.03,14.0,19.46
6,Camocim,30,BR,1573177872,77,-2.9,-40.84,76.51,8.68
7,Santa Marinella,40,IT,1573177872,93,42.04,11.87,57.2,5.82
8,Taltal,40,CL,1573177872,88,-25.41,-70.49,53.46,2.06
9,Albany,90,US,1573177872,80,42.65,-73.75,37.4,14.99
10,Vaini,9,IN,1573177853,93,15.34,74.49,62.6,1.79
11,San Policarpo,0,PH,1573177873,68,12.18,125.51,85.08,7.34
12,Tasiilaq,100,GL,1573177873,86,65.61,-37.64,30.2,38.03
13,Pevek,100,RU,1573177873,61,69.7,170.27,24.57,14.99
14,Rikitea,93,PF,1573177873,85,-23.12,-134.97,74.07,13.06
15,Saldanha,20,PT,1573177873,91,41.42,-6.55,37.87,9.26
16,Praia da Vitoria,75,PT,1573177873,100,38.73,-27.07,60.8,8.34
17,Port Alfred,82,ZA,1573177873,73,-33.59,26.89,60.3,18.57
18,Tiksi,94,RU,1573177874,96,71.64,128.87,-5.68,5.68
19,Lavumisa,100,ZA,1573177874,81,-27.31,31.88,66.52,5.53
20,Isangel,20,VU,1573177874,69,-19.55,169.27,80.6,16.11
21,Bluff,0,AU,1573177874,11,-23.58,149.07,96.24,11.68
22,Chuy,0,UY,1573177874,85,-33.69,-53.46,61.79,6.06
23,Ushuaia,75,AR,1573177554,74,-54.81,-68.31,37.4,20.8
24,Kapaa,90,US,1573177837,61,22.08,-159.32,82.4,11.41
25,Butaritari,30,KI,1573177874,67,3.07,172.79,84.27,6.17
26,Mar del Plata,0,AR,1573177874,33,-46.43,-67.52,51.98,25.19
27,Coihaique,100,CL,1573177874,98,-45.58,-72.07,29.64,5.01
28,Shawnee,1,US,1573177875,80,35.33,-96.93,35.6,5.82
29,Mataura,37,NZ,1573177875,39,-46.19,168.86,68.45,11.21
30,Kijang,0,KR,1573177875,54,35.24,129.21,53.6,10.29
31,Dikson,75,RU,1573177838,97,73.51,80.55,-9.15,12.95
32,Fortuna,75,US,1573177875,100,40.6,-124.16,50.0,0.25
33,Carnarvon,23,ZA,1573177875,75,-30.97,22.13,46.31,15.48
34,Bredasdorp,14,ZA,1573177846,87,-34.53,20.04,50.0,5.82
35,Mehamn,100,NO,1573177875,91,71.03,27.85,28.22,12.35
36,Mecca,0,SA,1573177876,71,21.43,39.83,76.6,0.81
37,Tarata,90,PE,1573177876,87,-17.47,-70.03,60.8,5.82
38,Provideniya,5,RU,1573177876,83,64.42,-173.23,32.0,15.66
39,Puerto Maldonado,59,PE,1573177876,95,-12.59,-69.19,72.95,1.19
40,Saint-Joseph,100,FR,1573177876,93,43.56,6.97,51.8,8.1
41,Thompson,75,CA,1573177876,92,55.74,-97.86,6.8,4.0
42,Svetlogorsk,90,RU,1573177876,93,53.14,59.15,44.6,13.42
43,Hilo,1,US,1573177830,62,19.71,-155.08,84.2,8.05
44,Saskylakh,0,RU,1573177876,98,71.97,114.09,-24.83,5.91
45,La Crosse,1,US,1573177876,78,43.8,-91.24,21.2,4.7
46,Norman Wells,75,CA,1573177877,78,65.28,-126.83,12.2,12.75
47,Rocha,1,UY,1573177877,91,-34.48,-54.34,55.26,6.15
48,Kruisfontein,92,ZA,1573177877,86,-34.0,24.73,56.97,12.44
49,Pangnirtung,82,CA,1573177591,68,66.15,-65.72,15.64,5.35
50,Linxia,0,CN,1573177877,56,35.6,103.21,43.39,4.99
51,Altamira,24,BR,1573177877,88,-3.2,-52.21,75.74,2.01
52,Iqaluit,90,CA,1573177877,78,63.75,-68.52,15.8,16.11
53,Saint-Pierre,39,FR,1573177877,93,48.95,4.24,37.4,10.29
54,Columbus,90,US,1573177819,93,32.46,-84.99,66.2,8.08
55,Moose Factory,20,CA,1573177878,71,51.26,-80.61,8.6,4.7
56,Lata,10,IN,1573177878,76,30.78,78.62,26.19,5.61
57,Codrington,0,AU,1573177878,9,-28.95,153.24,98.6,17.22
58,Uvira,97,CD,1573177878,85,-3.41,29.14,52.16,1.3
59,Santa Rita do Sapucai,100,BR,1573177878,98,-22.25,-45.7,64.11,2.39
60,Jaranwala,0,PK,1573177879,79,31.33,73.42,60.66,9.86
61,Cairns,38,AU,1573177832,54,-16.92,145.77,82.4,9.17
62,Lebu,40,ET,1573177866,62,8.96,38.73,55.4,3.36
63,Victoria,75,BN,1573177879,83,5.28,115.24,84.2,4.7
64,Barrow,2,AR,1573177844,91,-38.31,-60.23,43.27,6.91
65,Bosaso,0,SO,1573177879,71,11.28,49.18,82.53,10.22
66,Hambantota,40,LK,1573177879,100,6.12,81.12,77.0,5.82
67,Punta Arenas,98,CL,1573177879,81,-53.16,-70.91,36.37,13.31
68,Inhambane,0,MZ,1573177879,85,-23.87,35.38,76.62,11.63
69,Troitsko-Pechorsk,67,RU,1573177880,95,62.71,56.19,7.21,4.83
70,Avarua,100,CK,1573177880,69,-21.21,-159.78,77.0,11.41
71,Sao Filipe,100,CV,1573177880,81,14.9,-24.5,74.32,16.2
72,Vila Franca do Campo,20,PT,1573177880,82,37.72,-25.43,60.8,4.7
73,Burley,1,US,1573177880,52,42.54,-113.79,46.4,1.19
74,Hirara,40,JP,1573177880,64,24.8,125.28,78.8,14.99
75,Svetlaya,98,RU,1573177880,38,46.54,138.33,26.37,4.72
76,Vallam,20,IN,1573177880,94,10.72,79.06,75.2,5.82
77,Cape Town,20,ZA,1573177802,82,-33.93,18.42,57.2,8.05
78,Bethel,90,US,1573177881,92,60.79,-161.76,30.2,14.99
79,Sabha,0,LY,1573177877,44,27.03,14.43,64.9,9.44
80,Arraial do Cabo,100,BR,1573177881,91,-22.97,-42.02,72.77,14.34
81,Agadir,22,MA,1573177881,81,30.42,-9.58,53.6,3.36
82,Fairbanks,90,US,1573177807,73,64.84,-147.72,24.8,9.17
83,New Norfolk,40,AU,1573177881,70,-42.78,147.06,48.2,8.05
84,Port Lincoln,75,AU,1573177881,49,-34.72,135.86,58.17,19.22
85,Klaksvik,80,FO,1573177866,74,62.23,-6.59,28.4,4.7
86,Yuanping,0,CN,1573177882,60,38.72,112.71,49.26,3.29
87,Georgetown,75,GY,1573177823,88,6.8,-58.16,80.6,6.93
88,Cabo San Lucas,90,MX,1573177857,74,22.89,-109.91,80.6,4.7
89,Kaitangata,62,NZ,1573177842,73,-46.28,169.85,56.43,18.48
90,Rio Grande,0,BR,1573177779,93,-32.03,-52.1,65.46,3.78
91,Alta Floresta,100,BR,1573177882,85,-9.87,-56.08,72.28,1.81
92,Nikolskoye,90,RU,1573177882,92,59.7,30.79,24.8,8.95
93,Taoudenni,37,ML,1573177883,25,22.68,-3.98,65.95,2.42
94,Illela,0,NG,1573177883,38,12.25,4.3,76.06,5.26
95,Cerritos,1,US,1573177883,46,33.86,-118.05,77.0,4.7
96,Tuatapere,19,NZ,1573177883,82,-46.13,167.69,52.56,6.78
97,Ossora,85,RU,1573177883,84,59.24,163.07,37.45,10.22
98,Cabedelo,40,BR,1573177883,83,-6.97,-34.84,77.0,8.05
99,Kribi,97,CM,1573177883,92,2.94,9.91,75.79,3.65
100,Jamestown,57,AU,1573177832,36,-33.21,138.6,58.96,22.77
101,Byron Bay,0,AU,1573177884,9,-28.65,153.62,98.6,17.22
102,Beloha,0,MG,1573177868,53,-25.17,45.06,74.77,7.0
103,Kavieng,91,PG,1573177884,72,-2.57,150.8,84.25,10.69
104,Palana,29,RU,1573177884,78,59.08,159.95,33.28,8.59
105,Copiapo,0,CL,1573177884,93,-27.37,-70.33,50.43,1.52
106,Qaanaaq,0,GL,1573177884,67,77.48,-69.36,-2.42,7.27
107,Nanortalik,100,GL,1573177884,73,60.14,-45.24,34.9,13.4
108,Port Elizabeth,75,US,1573177884,93,39.31,-74.98,55.4,3.36
109,Lokosovo,100,RU,1573177885,86,61.13,74.84,11.86,7.45
110,Gat,28,SN,1573177885,73,14.69,-16.54,71.6,16.11
111,Tura,100,RU,1573177885,94,64.27,100.22,5.43,4.56
112,Aksarka,0,RU,1573177852,85,66.56,67.8,-4.49,3.53
113,Kahului,40,US,1573177885,69,20.89,-156.47,82.4,14.99
114,Somerset West,20,ZA,1573177885,82,-34.08,18.85,57.2,8.05
115,Atuona,0,PF,1573177885,79,-9.8,-139.03,80.44,13.82
116,Bonfim,22,GY,1573177885,68,3.36,-59.84,81.55,6.64
117,Pantai Remis,75,MY,1573177885,83,4.46,100.63,80.6,3.36
118,East London,11,ZA,1573177886,61,-33.02,27.91,63.73,17.09
119,Smithers,90,CA,1573177886,99,54.78,-127.17,32.0,3.24
120,Dingle,5,PH,1573177886,73,11.0,122.67,84.27,14.85
121,Sola,60,TZ,1573177886,76,-3.17,33.8,68.09,6.33
122,Hermanus,5,ZA,1573177585,81,-34.42,19.24,59.38,11.3
123,Niquelandia,91,BR,1573177886,86,-14.47,-48.46,70.88,2.75
124,Karaj,0,IR,1573177886,57,35.81,51.01,50.0,4.7
125,Aklavik,90,CA,1573177886,85,68.22,-135.01,14.0,4.7
126,Srednekolymsk,5,RU,1573177887,94,67.46,153.71,0.18,2.42
127,Kuzino,100,RU,1573177887,87,57.02,59.44,24.91,8.05
128,Saint-Georges,97,CA,1573177887,95,46.12,-70.67,22.98,4.63
129,Beasain,40,ES,1573177887,80,43.05,-2.2,50.0,11.41
130,Hofn,99,IS,1573177835,70,64.25,-15.21,39.24,6.35
131,Basarabeasca,100,UA,1573177887,93,46.33,28.97,48.2,3.36
132,Bambous Virieux,40,MU,1573177887,78,-20.34,57.76,75.2,12.75
133,Upata,98,VE,1573177888,96,8.02,-62.41,71.08,3.4
134,Castro,97,CL,1573177888,94,-42.48,-73.76,35.65,2.89
135,Lorengau,100,PG,1573177870,80,-2.02,147.27,81.84,10.83
136,Along,100,IN,1573177888,53,28.17,94.8,72.63,2.35
137,Yellowknife,90,CA,1573177831,78,62.45,-114.38,14.0,9.17
138,Tanout,0,NE,1573177888,15,14.97,8.88,79.02,9.26
139,Egvekinot,56,RU,1573177888,94,66.32,-179.17,14.18,12.71
140,Tarabuco,100,BO,1573177888,81,-19.18,-64.92,56.48,3.8
141,Los Llanos de Aridane,90,ES,1573177888,77,28.66,-17.92,69.8,18.34
142,Honningsvag,74,NO,1573177730,82,70.98,25.97,29.95,4.07
143,Bow Island,75,CA,1573177889,73,49.87,-111.38,21.2,5.82
144,Ust-Kuyga,100,RU,1573177889,98,70.0,135.55,-5.66,5.23
145,Yabrud,0,SY,1573177889,51,33.97,36.66,59.0,10.29
146,Sisimiut,100,GL,1573177889,54,66.94,-53.67,22.08,5.77
147,Bukavu,100,CD,1573177889,92,-2.51,28.86,58.26,1.77
148,Searcy,20,US,1573177875,86,35.25,-91.74,42.8,12.75
149,Tabou,24,CI,1573177889,94,4.42,-7.36,75.13,0.74
150,Winslow,49,GB,1573177890,100,51.94,-0.88,37.4,3.36
151,Zhigansk,69,RU,1573177890,96,66.77,123.37,-19.5,5.48
152,Luderitz,51,NA,1573177890,67,-26.65,15.16,59.0,14.99
153,Mikhaylovka,100,RU,1573177890,79,52.96,103.29,31.86,2.06
154,Pisco,0,PE,1573177890,82,-13.71,-76.2,64.4,14.99
155,Tefe,94,BR,1573177705,86,-3.35,-64.71,76.75,2.66
156,Clyde River,90,CA,1573177890,85,70.47,-68.59,21.2,11.41
157,Chokurdakh,86,RU,1573177891,98,70.62,147.9,-5.08,8.37
158,Beya,0,RU,1573177891,72,53.05,90.92,34.32,7.38
159,Harindanga,75,IN,1573177891,94,22.04,88.32,71.6,3.36
160,Marand,0,IR,1573177891,51,38.43,45.77,39.2,6.93
161,Skagen,100,SE,1573177891,100,58.6,13.44,35.6,8.05
162,Nevsehir,0,TR,1573177891,40,38.62,34.71,39.2,3.65
163,Ambilobe,59,MG,1573177869,67,-13.19,49.05,78.64,11.95
164,Kattivakkam,20,IN,1573177891,94,13.22,80.32,78.8,3.36
165,Arman,100,RU,1573177892,76,59.7,150.17,36.77,30.49
166,Staryy Nadym,99,RU,1573177892,97,65.61,72.68,-5.91,15.64
167,Igbo Ora,18,NG,1573177892,97,7.43,3.28,74.14,1.48
168,Agua Buena,100,MX,1573177892,52,29.88,-109.91,63.97,1.25
169,Champerico,40,MX,1573177892,73,16.38,-93.6,77.0,11.41
170,Cherskiy,100,RU,1573177862,75,68.75,161.3,20.12,8.1
171,Abu Samrah,0,SY,1573177892,47,35.3,37.18,62.42,5.93
172,Cap Malheureux,40,MU,1573177892,78,-19.98,57.61,75.2,12.75
173,Mogzon,0,RU,1573177893,57,51.74,111.97,32.79,13.15
174,Ancud,100,CL,1573177893,81,-41.87,-73.83,43.72,2.37
175,Rawson,7,AR,1573177893,57,-43.3,-65.11,53.46,19.26
176,College,90,US,1573177845,73,64.86,-147.8,24.8,9.17
177,Rundu,100,NA,1573177893,57,-17.91,19.77,75.2,8.05
178,Gushikawa,75,JP,1573177893,60,26.35,127.87,75.2,17.22
179,Parkes,14,AU,1573177893,39,-33.14,148.18,70.79,23.94
180,Alamogordo,90,US,1573177893,66,32.9,-105.96,57.2,4.7
181,Nabire,98,ID,1573177865,46,-3.36,135.5,91.58,4.5
182,Cidreira,2,BR,1573177894,90,-30.17,-50.22,68.52,14.81
183,Gazanjyk,0,TM,1573177894,24,39.24,55.52,41.76,1.9
184,Ponta do Sol,100,BR,1573177553,89,-20.63,-46.0,70.02,3.74
185,Katsuura,75,JP,1573177894,55,33.93,134.5,60.8,17.22
186,Paamiut,100,GL,1573177886,58,61.99,-49.67,39.47,16.91
187,Pesochnoye,88,RU,1573177894,88,58.01,39.18,23.05,6.8
188,Saint-Philippe,90,CA,1573177894,62,45.36,-73.48,32.0,6.33
189,Nacogdoches,90,US,1573177894,93,31.6,-94.66,55.4,10.29
190,Llaillay,6,CL,1573177894,60,-32.84,-70.95,54.5,1.12
191,Adre,0,TD,1573177895,19,13.47,22.2,69.19,12.21
192,Khatanga,0,RU,1573177838,86,71.98,102.47,-12.3,10.98
193,Guerrero Negro,100,MX,1573177865,77,27.97,-114.04,67.33,5.93
194,Kishtwar,100,IN,1573177895,85,33.31,75.77,21.54,4.27
195,Qaqortoq,100,GL,1573177895,30,60.72,-46.03,42.8,26.4
196,Opuwo,100,NA,1573177895,15,-18.06,13.84,73.67,5.66
197,Kabalo,76,CD,1573177895,96,-6.05,26.92,67.78,1.61
198,Lisakovsk,100,KZ,1573177896,87,52.55,62.49,40.21,19.13
199,Aquiraz,75,BR,1573177896,74,-3.9,-38.39,80.6,13.87
200,Samaro,0,PK,1573177896,31,25.28,69.4,72.82,10.02
201,Ballina,0,IE,1573177896,93,54.11,-9.15,36.28,3.85
202,Flinders,0,AU,1573177896,22,-34.58,150.85,77.0,20.8
203,Houma,0,CN,1573177896,55,35.63,111.36,57.18,1.86
204,Hasaki,20,JP,1573177896,55,35.73,140.83,62.6,11.41
205,Quatre Cocos,40,MU,1573177896,78,-20.21,57.76,75.2,12.75
206,Narsaq,100,GL,1573177896,30,60.91,-46.05,42.8,26.4
207,Edd,0,ER,1573177897,24,13.93,41.69,81.37,2.64
208,Itarema,1,BR,1573177897,76,-2.92,-39.92,78.01,10.22
209,Deputatskiy,75,RU,1573177897,93,69.3,139.9,-7.12,2.77
210,Royan,42,FR,1573177897,87,45.62,-1.03,48.2,20.8
211,Mahebourg,40,MU,1573177897,78,-20.41,57.7,75.2,12.75
212,Torres,2,BR,1573177785,89,-29.34,-49.73,69.55,12.3
213,Port Blair,99,IN,1573177897,80,11.67,92.75,82.45,14.12
214,Maraa,99,BR,1573177897,79,-1.83,-65.37,78.1,0.6
215,Esperance,90,AU,1573177897,77,-33.86,121.89,59.0,11.41
216,Sorland,97,NO,1573177898,93,67.67,12.69,33.13,11.34
217,Jaguarao,0,BR,1573177898,68,-32.57,-53.38,59.67,2.37
218,Buta,100,CD,1573177898,99,2.79,24.73,67.53,1.63
219,Humpolec,100,CZ,1573177898,100,49.54,15.36,44.6,8.37
220,Longyearbyen,96,NO,1573177898,78,78.22,15.63,12.2,4.63
221,Kodiak,1,US,1573177842,42,39.95,-94.76,28.4,1.99
222,Dauphin,1,CA,1573177898,66,51.15,-100.04,15.8,6.93
223,Tamandare,100,BR,1573177898,96,-8.28,-70.75,72.52,2.06
224,Dennery,40,LC,1573177899,74,13.9,-60.89,82.4,25.28
225,Saint George,75,GR,1573177876,72,39.45,22.34,62.6,6.93
226,Bahia Honda,2,CU,1573177899,90,22.9,-83.16,77.29,8.84
227,Gandajika,99,CD,1573177899,96,-6.75,23.95,66.96,2.1
228,Takoradi,0,GH,1573177899,85,4.89,-1.75,79.11,2.42
229,Danshui,0,CN,1573177899,46,22.81,114.46,71.6,15.66
230,Kaura Namoda,0,NG,1573177899,28,12.59,6.58,74.26,4.68
231,Kununurra,81,AU,1573177899,34,-15.77,128.74,96.8,5.82
232,Tshikapa,100,CD,1573177900,97,-6.42,20.79,68.9,0.27
233,Vardo,90,US,1573177900,75,39.62,-77.74,50.0,12.75
234,Kirensk,100,RU,1573177900,95,57.78,108.12,29.89,9.95
235,La Palma,99,CO,1573177900,91,5.36,-74.39,71.26,2.62
236,Northam,0,AU,1573177900,31,-31.65,116.67,73.4,12.75
237,Talnakh,20,RU,1573177900,76,69.49,88.39,-9.41,6.71
238,Shingu,40,JP,1573177900,52,33.72,135.99,64.4,5.82
239,Singkang,75,MY,1573177901,94,2.1,102.8,73.4,2.24
240,Buchanan,75,LR,1573177901,94,5.88,-10.05,77.0,2.04
241,Yarada,75,IN,1573177901,94,17.65,83.27,69.8,4.7
242,Mount Gambier,75,AU,1573177901,66,-37.83,140.78,55.4,20.8
243,Brae,4,GB,1573177901,66,60.4,-1.35,39.2,3.36
244,Mangan,100,IN,1573177901,45,27.5,88.54,59.23,3.24
245,Brigantine,90,US,1573177902,81,39.41,-74.36,55.4,8.05
246,Nanhai,0,CN,1573177902,34,30.13,111.78,67.41,6.93
247,Huarmey,71,PE,1573177902,82,-10.07,-78.15,61.29,1.48
248,Benjamin Constant,75,BR,1573177902,100,-4.38,-70.03,75.2,2.24
249,Broken Hill,75,AU,1573177902,77,-31.97,141.45,59.0,24.16
250,Makakilo City,75,US,1573177043,62,21.35,-158.09,84.2,10.29
251,Saint-Augustin,40,CA,1573177903,79,45.63,-73.98,30.2,5.82
252,Zemio,99,CF,1573177903,96,5.02,25.13,67.01,1.54
253,Eirunepe,91,BR,1573177903,98,-6.66,-69.87,72.52,1.63
254,Maku,0,IR,1573177903,65,39.29,44.45,41.0,1.79
255,Neiafu,20,TO,1573177903,69,-18.65,-173.98,80.6,8.05
256,Daru,100,PG,1573177904,62,-9.07,143.21,87.39,9.24
257,Ricaurte,75,CO,1573177904,83,4.28,-74.77,75.2,6.93
258,Songjianghe,60,CN,1573177904,29,42.18,127.48,36.75,7.87
259,Chapais,90,CA,1573177904,85,49.78,-74.86,21.2,6.93
260,Port Hardy,75,CA,1573177904,76,50.7,-127.42,50.0,11.41
261,Yermish,100,RU,1573177904,82,54.77,42.27,36.3,5.59
262,Leshukonskoye,66,RU,1573177904,95,64.9,45.76,13.42,3.42
263,San Cristobal,12,HN,1573177740,96,14.68,-86.92,65.25,1.23
264,Usogorsk,0,RU,1573177905,95,63.43,48.71,9.05,1.39
265,Nikolaevo,100,BG,1573177905,100,42.63,25.79,55.4,4.7
266,Hithadhoo,0,MV,1573177793,70,-0.6,73.08,82.29,7.47
267,San Quintin,8,PH,1573177905,75,17.54,120.52,84.2,3.78
268,San Patricio,0,PY,1573177905,96,-26.98,-56.83,70.59,4.03
269,Dok Kham Tai,91,TH,1573177905,71,19.16,99.99,78.3,1.34
270,Araruama,100,BR,1573177905,92,-22.87,-42.34,72.32,13.58
271,Vlasim,100,CZ,1573177905,93,49.71,14.9,41.0,1.12
272,Henties Bay,51,NA,1573177844,91,-22.12,14.28,55.22,2.26
273,Almeirim,14,BR,1573177906,68,-1.53,-52.58,80.33,3.87
274,Faanui,4,PF,1573177858,81,-16.48,-151.75,80.46,19.86
275,Hervey Bay,0,AU,1573177906,35,-25.3,152.85,87.8,14.99
276,Sinnamary,99,GF,1573177906,81,5.38,-52.96,82.24,15.99
277,Betul,0,IN,1573177784,79,21.92,77.9,73.36,4.34
278,Upernavik,0,GL,1573177906,66,72.79,-56.15,8.51,5.1
279,Morshansk,100,RU,1573177906,94,53.44,41.81,44.76,6.8
280,Lexington,90,US,1573177807,91,38.05,-84.5,37.4,6.93
281,Goderich,100,CA,1573177907,96,43.74,-81.71,26.94,3.36
282,Pozega,90,RS,1573177907,93,43.85,20.05,53.6,6.93
283,Sakaiminato,20,JP,1573177907,48,35.55,133.23,62.6,16.11
284,Neresnytsya,100,UA,1573177907,89,48.12,23.77,43.11,2.86
285,Beringovskiy,52,RU,1573177907,91,63.05,179.32,28.89,13.56
286,Hadgaon,6,IN,1573177907,79,19.5,77.66,76.26,4.09
287,Chiang Mai,90,TH,1573177873,94,18.79,98.99,75.2,4.7
288,Salalah,70,OM,1573177907,47,17.01,54.1,75.2,4.7
289,Kindu,100,CD,1573177908,98,-2.95,25.92,69.58,1.59
290,Souillac,94,FR,1573177908,87,45.6,-0.6,46.4,20.8
291,Coahuayana,2,MX,1573177908,76,18.62,-100.35,73.76,3.29
292,Ostersund,100,SE,1573177805,73,63.18,14.64,26.6,5.82
293,Itoman,75,JP,1573177908,60,26.12,127.67,75.2,17.22
294,Bloomfield,1,US,1573177908,62,40.75,-92.42,23.0,5.91
295,Jaguaribe,13,BR,1573177908,85,-5.88,-38.62,71.13,3.83
296,Pangody,96,RU,1573177908,95,65.85,74.49,2.5,15.64
297,Mokrin,100,RS,1573177908,91,45.93,20.41,51.44,6.08
298,Paita,43,PE,1573177909,74,-5.09,-81.11,67.32,9.42
299,Hanna,100,CA,1573177909,64,51.64,-111.93,29.43,8.23
300,Gravdal,78,NO,1573177909,86,59.79,5.78,32.0,5.82
301,Noumea,75,NC,1573177750,51,-22.28,166.46,82.4,13.87
302,Alofi,75,NU,1573177894,88,-19.06,-169.92,77.0,9.17
303,Smirnykh,100,RU,1573177909,54,49.74,142.83,28.51,6.93
304,Touros,20,BR,1573177909,74,-5.2,-35.46,78.8,9.17
305,Bukachacha,81,RU,1573177909,61,52.99,116.91,24.15,2.33
306,Alice Springs,0,AU,1573177910,12,-23.7,133.88,86.0,11.41
307,Broome,0,GB,1573177910,93,52.47,1.45,37.4,5.82
308,Yar-Sale,8,RU,1573177910,93,66.83,70.83,-7.77,14.58
309,Basco,1,US,1573177910,53,40.33,-91.2,26.6,4.7
310,Coquimbo,0,CL,1573177910,88,-29.95,-71.34,57.29,5.12
311,Porto Novo,75,BR,1573177910,88,-23.68,-45.44,68.0,10.29
312,Ust-Nera,100,RU,1573177910,93,64.57,143.24,5.9,3.98
313,Nouadhibou,99,MR,1573177910,88,20.93,-17.03,64.4,16.11
314,Umm Lajj,0,SA,1573177910,74,25.02,37.27,70.45,1.66
315,Pozo Colorado,57,PY,1573177911,78,-23.49,-58.8,76.68,3.89
316,Lehi,1,US,1573177693,52,40.39,-111.85,46.4,0.4
317,Puerto Carreno,91,CO,1573177911,70,6.19,-67.49,84.2,1.7
318,Galdar,20,ES,1573177911,73,28.15,-15.65,69.8,23.04
319,Ayan,0,IR,1573177911,53,38.23,44.7,31.5,0.87
320,Indianola,1,US,1573177911,68,40.24,-100.42,33.8,4.7
321,Kenai,90,US,1573177911,87,60.55,-151.26,42.8,14.99
322,Dakar,61,SN,1573177912,73,14.69,-17.45,71.6,16.11
323,Port Macquarie,0,AU,1573177912,8,-31.43,152.91,89.6,10.29
324,Gazojak,0,TM,1573177912,38,41.19,61.4,41.68,7.74
325,Ostrovnoy,100,RU,1573177912,94,68.05,39.51,16.18,6.02
326,Vaitape,4,PF,1573177912,81,-16.52,-151.75,80.46,19.86
327,Samarai,100,PG,1573177840,68,-10.62,150.67,85.33,7.58
328,Singaraja,30,ID,1573177912,66,-8.11,115.08,84.15,4.83
329,Danielskuil,5,ZA,1573177912,30,-28.19,23.54,48.0,12.24
330,Nunkini,2,MX,1573177912,98,20.4,-90.15,73.54,3.67
331,Mount Isa,0,AU,1573177913,8,-20.73,139.49,96.8,14.99
332,Maniitsoq,99,GL,1573177913,43,65.42,-52.9,38.21,25.5
333,Priiskovyy,47,RU,1573177913,72,51.93,116.63,27.97,4.27
334,Rancho Palos Verdes,1,US,1573177727,68,33.75,-118.37,77.0,3.36
335,Torbay,75,CA,1573177913,69,47.66,-52.73,39.2,17.22
336,Berlevag,100,NO,1573177913,89,70.86,29.09,31.53,13.0
337,Tromso,0,NO,1573177913,85,69.65,18.96,12.2,10.29
338,Saint-Leu,79,RE,1573177913,56,-21.15,55.28,73.4,8.05
339,Sitka,0,US,1573177913,26,37.17,-99.65,36.05,6.44
340,Yulara,0,AU,1573177867,15,-25.24,130.99,86.0,9.17
341,Vao,100,EE,1573177914,98,59.1,26.19,33.4,3.4
342,Hobyo,0,SO,1573177914,81,5.35,48.53,79.27,5.28
343,Norrkoping,100,SE,1573177914,100,58.59,16.18,35.6,3.36
344,Pathein,98,MM,1573177914,91,16.78,94.73,74.64,1.52
345,Sangar,98,RU,1573177914,95,63.92,127.47,-18.64,5.79
346,Monticello,1,US,1573177636,58,40.03,-88.57,26.6,6.93
347,Rakitnoye,90,RU,1573177914,93,50.83,35.83,51.8,2.24
348,Giovinazzo,0,IT,1573177914,82,41.19,16.67,55.4,6.93
349,Waipawa,0,NZ,1573177398,38,-39.94,176.59,79.03,4.97
350,El Cope,40,PA,1573177915,94,8.69,-82.32,78.8,1.32
351,Yelandur,40,IN,1573177915,88,12.07,77.03,73.4,3.11
352,Rantauprapat,100,ID,1573177915,93,2.1,99.83,77.45,0.98
353,Berdigestyakh,52,RU,1573177915,85,62.1,126.7,-3.12,6.46
354,Walvis Bay,52,NA,1573177915,82,-22.95,14.51,57.2,11.41
355,Salamiyah,0,SY,1573177915,46,35.01,37.05,62.78,5.93
356,Bagdarin,51,RU,1573177916,71,54.44,113.59,18.5,0.63
357,Mgandu,100,TZ,1573177916,92,-5.96,34.11,60.71,9.86
358,Tashtagol,100,RU,1573177916,92,52.76,87.85,28.9,6.35
359,Shiyan,2,CN,1573177916,50,32.65,110.78,61.77,3.13
360,Caravelas,0,BR,1573177916,94,-17.73,-39.27,70.23,5.7
361,Nalut,0,LY,1573177916,58,31.86,10.98,58.26,4.52
362,Lavrentiya,0,RU,1573177916,75,65.58,-170.99,27.95,15.88
363,Kon Tum,96,VN,1573177916,58,14.36,108.0,77.81,1.28
364,Richards Bay,100,ZA,1573177916,83,-28.77,32.06,68.85,22.24
365,Iskateley,18,RU,1573177917,95,67.68,53.15,7.9,4.99
366,Robertson,14,AU,1573177917,22,-34.59,150.59,77.0,20.8
367,Constantine,0,DZ,1573177917,66,36.36,6.61,48.2,4.7
368,Kutum,0,SD,1573177917,23,14.2,24.66,65.16,3.62
369,Cittanova,20,IT,1573177917,59,38.35,16.08,60.8,5.82
370,Komsomolskiy,100,RU,1573177917,97,67.55,63.78,0.81,4.29
371,Petropavlovsk-Kamchatskiy,90,RU,1573177715,100,53.05,158.65,37.4,15.66
372,Laguna,40,BZ,1573177561,88,16.17,-88.94,78.8,1.68
373,Brownsville,1,US,1573177672,83,25.91,-97.49,80.6,8.05
374,Ganzhou,10,CN,1573177918,45,25.86,114.93,68.54,9.73
375,Laiyang,0,CN,1573177918,35,36.98,120.7,53.15,4.27
376,Tongzi,100,CN,1573177918,71,28.78,105.09,63.73,3.56
377,Aykhal,23,RU,1573177918,75,65.95,111.51,-14.81,4.47
378,Atar,1,MR,1573177918,30,20.52,-13.05,67.59,4.59
379,Eureka,75,US,1573177718,100,40.8,-124.16,50.0,0.27
380,Airai,1,TL,1573177918,38,-8.93,125.41,85.24,9.44
381,Omboue,100,GA,1573177919,96,-1.57,9.26,74.48,1.3
382,Nome,90,US,1573177919,100,30.04,-94.42,66.2,3.36
383,Rio Gallegos,20,AR,1573177919,70,-51.62,-69.22,41.0,20.8
384,Boralday,30,KZ,1573177919,92,43.36,76.86,24.8,2.24
385,Ibicarai,89,BR,1573177919,78,-14.87,-39.59,80.6,5.82
386,Kurud,20,IN,1573177919,82,20.85,81.72,68.0,3.36
387,Roros,100,NO,1573177919,92,62.57,11.38,12.2,3.36
388,Krasnoye,87,RU,1573177920,93,44.87,39.46,39.2,4.52
389,Varginha,100,BR,1573177920,96,-21.56,-45.43,66.22,3.74
390,Ola,97,RU,1573177920,72,59.58,151.3,36.1,26.6
391,Constitucion,75,MX,1573177920,40,23.99,-104.67,71.6,4.7
392,The Valley,20,AI,1573177920,74,18.22,-63.06,82.4,10.29
393,Majene,98,ID,1573177920,64,-3.54,118.97,85.82,6.29
394,Ilulissat,100,GL,1573177849,36,69.22,-51.1,30.2,14.99
395,Biak,47,ID,1573177920,70,-0.91,122.88,81.64,5.88
396,Lompoc,1,US,1573177784,93,34.64,-120.46,60.8,7.85
397,Dhidhdhoo,0,MV,1573177920,75,6.88,73.1,82.29,9.31
398,Leningradskiy,7,RU,1573177921,85,69.38,178.42,19.15,18.59
399,Buin,48,CL,1573177921,33,-33.73,-70.74,65.64,1.97
400,Anchorage,90,US,1573177921,93,61.22,-149.89,39.2,5.82
401,Praia,97,BR,1573177921,57,-20.25,-43.81,78.8,9.17
402,Tessalit,0,ML,1573177921,20,20.2,1.01,75.16,6.29
403,Vaasa,90,FI,1573177921,92,63.1,21.62,17.6,6.93
404,Bilibino,100,RU,1573177921,73,68.06,166.44,13.14,2.1
405,Polunochnoye,4,RU,1573177921,94,60.87,60.43,6.44,3.85
406,Hinton,100,CA,1573177922,89,53.4,-117.57,31.01,5.82
407,Yarmouth,90,CA,1573177922,93,43.84,-66.12,51.8,13.87
408,Kapurthala,40,IN,1573177922,100,31.38,75.38,55.4,6.24
409,Road Town,20,VG,1573177898,74,18.42,-64.62,82.4,10.29
410,Nemuro,20,JP,1573177922,41,43.32,145.57,39.2,8.05
411,Vallenar,0,CL,1573177922,82,-28.58,-70.76,54.37,1.92
412,Severo-Kurilsk,76,RU,1573177922,77,50.68,156.12,33.51,23.17
413,Ribeira Grande,80,PT,1573177881,82,38.52,-28.7,62.08,5.23
414,Tashtyp,62,RU,1573177923,86,52.8,89.89,27.34,4.38
415,Hedaru,95,TZ,1573177923,90,-4.5,37.91,65.82,1.77
416,Clifton,90,US,1573177923,87,40.86,-74.16,50.0,12.06
417,Zhoucheng,0,CN,1573177923,71,31.35,119.33,57.2,6.71
418,Yumen,90,CN,1573177923,33,40.29,97.04,45.77,16.02
419,Havelock,40,US,1573177923,88,34.88,-76.9,66.2,3.36
420,Sao Joao da Barra,27,BR,1573177924,90,-21.64,-41.05,73.87,5.7
421,Illapel,1,CL,1573177924,56,-31.63,-71.17,53.74,1.63
422,Forbes,70,AU,1573177924,49,-33.38,148.01,64.8,20.04
423,Ha Giang,100,VN,1573177924,91,22.83,104.99,60.82,0.45
424,San Joaquin,34,PH,1573177924,81,10.59,122.14,82.02,11.27
425,Cam Ranh,20,VN,1573177924,58,11.92,109.15,86.0,8.05
426,Gizo,0,IL,1573177924,55,31.8,34.94,62.6,1.12
427,Xinzhou,0,CN,1573177924,60,38.41,112.73,49.26,3.29
428,Orsha,100,BY,1573177925,94,54.51,30.43,43.03,4.83
429,Araouane,0,ML,1573177925,20,18.9,-3.53,78.13,8.12
430,Tarakan,75,ID,1573177925,83,3.3,117.63,80.6,8.05
431,Novobirilyussy,100,RU,1573177925,92,56.95,90.69,32.13,15.55
432,Betare Oya,88,CM,1573177925,81,5.6,14.08,67.12,3.13
433,Lerum,75,SE,1573177925,93,57.77,12.27,35.6,6.93
434,Kasama,80,ZM,1573177925,75,-10.21,31.19,65.14,6.71
435,Aasiaat,100,GL,1573177925,67,68.71,-52.87,20.32,18.52
436,Mahon,40,IE,1573177926,93,51.89,-8.4,41.0,14.99
437,Strezhevoy,90,RU,1573177926,92,60.73,77.6,17.6,6.71
438,Novoshcherbinovskaya,28,RU,1573177926,56,46.48,38.65,55.63,5.97
439,Mitu,0,IR,1573177926,44,36.2,46.09,38.75,6.51
440,Chingirlau,100,KZ,1573177926,73,51.09,54.08,43.75,11.65
441,Okhotsk,100,RU,1573177926,91,59.36,143.24,31.89,8.12
442,Ponta Delgada,20,PT,1573177747,82,37.73,-25.67,60.8,4.7
443,Karratha,8,AU,1573177926,48,-20.74,116.85,85.23,6.38
444,Yenagoa,100,NG,1573177927,95,4.92,6.26,75.87,2.89
445,Qasigiannguit,100,GL,1573177887,36,68.82,-51.19,30.2,14.99
446,Phalombe,0,MW,1573177927,58,-15.81,35.65,73.4,9.53
447,Uyskoye,100,RU,1573177927,79,54.37,60.01,39.52,9.82
448,Fairview,90,CA,1573177927,85,56.07,-118.38,24.8,4.7
449,Karpathos,0,GR,1573177927,71,35.51,27.21,69.69,13.76
450,Ponnani,40,IN,1573177927,88,10.77,75.93,77.0,2.24
451,Namibe,95,AO,1573177928,85,-15.19,12.15,74.12,8.59
452,Naryan-Mar,18,RU,1573177928,95,67.67,53.09,7.9,4.99
453,Debre Birhan,38,ET,1573177928,82,9.68,39.53,44.64,3.83
454,Shihezi,99,CN,1573177928,74,44.3,86.03,39.15,3.98
455,Chishtian Mandi,0,PK,1573177928,74,29.8,72.87,60.33,11.07
456,Cheremukhovo,100,RU,1573177928,83,56.23,46.23,28.72,4.94
457,Merauke,100,ID,1573177928,74,-8.49,140.4,80.83,3.11
458,Iquique,0,CL,1573177928,67,-20.22,-70.14,51.55,2.28
459,San Juan del Sur,100,NI,1573177691,82,11.25,-85.87,81.64,24.09
460,Vangaindrano,0,MG,1573177929,88,-23.35,47.6,69.22,4.47
461,Lerwick,95,GB,1573177929,80,60.15,-1.15,39.2,6.93
462,Angoram,100,PG,1573177929,98,-4.06,144.07,74.12,2.59
463,Bernburg,100,DE,1573177929,87,51.79,11.74,44.6,8.05
464,Soyo,100,AO,1573177929,85,-6.13,12.37,78.58,3.13
465,Turukhansk,93,RU,1573177929,98,65.8,87.96,6.08,5.44
466,Tiznit,3,MA,1573177929,45,29.7,-9.73,56.08,0.43
467,Nurota,0,UZ,1573177929,80,40.56,65.69,33.8,4.7
468,Ormara,0,PK,1573177930,38,25.21,64.64,77.94,16.4
469,Pallasovka,96,RU,1573177930,75,50.04,46.89,50.76,9.1
470,Moron,5,HT,1573177589,82,18.56,-74.26,79.93,7.23
471,Izhma,74,RU,1573177930,97,65.01,53.91,7.23,3.83
472,Trairi,45,BR,1573177930,82,-3.28,-39.27,76.59,9.04
473,Khvastovichi,100,RU,1573177930,95,53.47,35.09,42.94,0.78
474,Tacuarembo,0,UY,1573177930,89,-31.73,-55.98,60.31,3.65
475,Cockburn Town,0,TC,1573177872,78,21.46,-71.14,82.53,17.69
476,Bequimao,0,BR,1573177931,83,-2.45,-44.78,80.6,10.29
477,Baghdad,0,IQ,1573177837,54,33.3,44.38,57.2,4.7
478,Namanga,87,KE,1573177931,90,-2.55,36.79,65.53,6.2
479,Concepcion del Uruguay,0,AR,1573177931,77,-32.48,-58.24,63.23,5.44
480,Mus,31,FR,1573177931,93,43.74,4.2,46.4,5.82
481,Carutapera,10,BR,1573177931,80,-1.2,-46.02,81.3,12.86
482,Saint Augustine,40,TT,1573177932,88,10.65,-61.4,78.8,11.41
483,Tsiroanomandidy,100,MG,1573177932,46,-18.77,46.05,71.56,3.42
484,Kampong Thum,100,KH,1573177932,68,12.71,104.89,82.58,6.49
485,Mantua,75,IT,1573177932,76,45.16,10.79,53.6,6.93
486,Clarence Town,0,AU,1573177932,18,-32.59,151.78,87.8,24.16
487,Kupang,20,ID,1573177932,52,-10.16,123.6,91.4,6.93
488,Botwood,20,CA,1573177932,79,49.14,-55.34,32.0,14.99
489,Antofagasta,61,CL,1573177932,91,-23.65,-70.4,55.26,3.38
490,Savannah Bight,1,HN,1573177933,77,16.45,-85.85,82.9,11.43
491,Manta,91,RO,1573177933,92,45.1,24.1,50.58,2.33
492,Emba,0,CY,1573177933,55,34.81,32.42,66.2,10.29
493,Mujiayingzi,0,CN,1573177933,28,42.12,118.78,46.78,5.77
494,Canon City,1,US,1573177933,19,39.46,-117.13,46.4,8.05
495,Serenje,44,ZM,1573177933,77,-13.23,30.22,63.14,2.37
496,Lalmohan,100,BD,1573177933,94,22.34,90.74,74.89,4.38
497,Salinas,1,US,1573177716,87,36.67,-121.66,60.8,11.41
498,Linares,88,CL,1573177934,83,-35.85,-71.6,55.27,0.63
499,Poretskoye,100,RU,1573177934,80,55.2,46.33,32.76,3.69
500,Bella Vista,18,AR,1573177934,74,-27.03,-65.31,78.8,4.59
501,La Romana,40,DO,1573177934,94,18.43,-68.97,82.4,5.79
502,Siverek,0,TR,1573177934,46,37.75,39.32,53.6,6.93
503,Serpa,20,PT,1573177934,87,37.94,-7.6,50.0,8.05
504,Gaurela,100,IN,1573177934,47,22.75,81.9,70.56,3.44
505,Benghazi,1,LY,1573177829,67,32.12,20.07,70.52,10.83
506,Halifax,90,CA,1573177901,100,44.65,-63.58,50.0,11.41
507,Mahibadhoo,100,MV,1573177935,72,3.78,72.97,83.17,6.67
508,Kieta,39,PG,1573177935,71,-6.22,155.63,83.7,3.24
509,Sapa,20,PH,1573177935,66,14.32,120.76,86.0,8.05
510,Witu,75,KE,1573177935,78,-2.39,40.44,80.6,6.91
511,Sadao,75,TH,1573177935,100,6.63,100.42,80.6,4.7
512,Wyndham,75,GB,1573177935,93,51.61,-3.54,42.8,8.05
513,Morant Bay,20,JM,1573177935,74,17.88,-76.41,82.4,5.82
514,Athens,75,GR,1573177936,82,37.98,23.73,69.8,14.99
515,Pacific Grove,90,US,1573177936,82,36.62,-121.92,60.8,3.85
516,Vestmanna,0,FO,1573177936,74,62.16,-7.17,28.4,4.7
517,Yima,0,CN,1573177936,55,34.75,111.87,58.59,1.52
518,Panyutyne,100,UA,1573177936,87,48.93,36.28,55.69,11.48
519,Fort Nelson,90,CA,1573177936,85,58.81,-122.69,23.0,3.36
520,Sioux Lookout,90,CA,1573177892,61,50.1,-91.92,14.0,3.36
521,Pundaguitan,100,PH,1573177936,71,6.37,126.17,83.52,8.61
522,Pahrump,1,US,1573177936,8,36.21,-115.98,68.0,5.82
523,Makat,32,KZ,1573177937,59,47.65,53.35,38.16,8.37
524,Jumla,63,NP,1573177937,47,29.28,82.18,50.32,1.16
525,Zhengjiatun,0,CN,1573177937,41,43.51,123.51,43.41,7.56
526,Aden,0,YE,1573177937,64,12.79,45.03,74.62,4.25
527,Kitale,1,KE,1573177937,92,1.02,35.0,55.8,1.72
528,Bilma,0,NE,1573177937,22,18.69,12.92,70.02,1.14
529,Freeport,30,BS,1573177937,81,26.54,-78.7,79.5,11.63
530,Sovetskiy,93,RU,1573177938,74,56.76,48.47,26.02,7.25
531,Yeppoon,0,AU,1573177938,24,-23.13,150.74,93.2,11.41
532,Honavar,19,IN,1573177938,76,14.28,74.45,77.74,1.95
533,Tual,93,ID,1573177938,74,-5.67,132.75,82.65,3.22
534,Pedernales,100,EC,1573177938,87,0.07,-80.05,72.73,5.61
535,Canyon Lake,1,US,1573177921,43,33.68,-117.26,77.0,3.36
536,Porto Uniao,100,BR,1573177939,99,-26.24,-51.08,63.0,2.06
537,Bundaberg,0,AU,1573177939,35,-24.87,152.35,87.8,14.99
538,Gerash,20,IR,1573177939,62,27.67,54.14,55.4,0.65
539,Amahai,22,ID,1573177939,75,-3.31,129.0,80.35,5.14
540,Baker,1,US,1573177939,79,46.37,-104.28,23.0,8.05
541,Pringsewu,8,ID,1573177939,52,-5.36,104.98,85.41,6.17
542,Jejuri,20,IN,1573177939,84,18.28,74.16,70.48,1.54
543,Kiama,0,AU,1573177939,22,-34.67,150.86,77.0,20.8
544,Bandarbeyla,0,SO,1573177568,65,9.49,50.81,80.82,5.77
